{"cameraMode":{"drawMode":0,"name":"Shaded","section":"Shading Mode"},"sceneLighting":true,"audioPlay":false,"sceneViewState":{"m_AlwaysRefresh":false,"showFog":true,"showSkybox":true,"showFlares":true,"showImageEffects":true,"showParticleSystems":true,"showVisualEffectGraphs":true,"m_FxEnabled":true},"in2DMode":false,"pivot":{"x":-0.42614495754241946,"y":0.7599623203277588,"z":0.6950541734695435},"rotation":{"x":0.14046162366867066,"y":0.8530559539794922,"z":-0.4076720178127289,"w":0.2939099073410034},"size":1.1660256385803223,"orthographic":false}