{"cameraMode":{"drawMode":0,"name":"Shaded","section":"Shading Mode"},"sceneLighting":true,"audioPlay":false,"sceneViewState":{"m_AlwaysRefresh":false,"showFog":true,"showSkybox":true,"showFlares":true,"showImageEffects":true,"showParticleSystems":true,"showVisualEffectGraphs":true,"m_FxEnabled":true},"in2DMode":false,"pivot":{"x":2.2662570476531984,"y":-0.8262119293212891,"z":-0.13671478629112245},"rotation":{"x":0.2142213135957718,"y":0.6650434136390686,"z":-0.20813490450382234,"w":0.6844808459281921},"size":3.007394790649414,"orthographic":false}